"module name","license","repository"
"@alloc/quick-lru@5.2.0","MIT","https://github.com/sindresorhus/quick-lru"
"@ampproject/remapping@2.2.1","Apache-2.0","https://github.com/ampproject/remapping"
"@babel/code-frame@7.21.4","MIT","https://github.com/babel/babel"
"@babel/compat-data@7.22.3","MIT","https://github.com/babel/babel"
"@babel/core@7.22.1","MIT","https://github.com/babel/babel"
"@babel/generator@7.22.3","MIT","https://github.com/babel/babel"
"@babel/helper-annotate-as-pure@7.18.6","MIT","https://github.com/babel/babel"
"@babel/helper-compilation-targets@7.22.1","MIT","https://github.com/babel/babel"
"@babel/helper-create-class-features-plugin@7.22.1","MIT","https://github.com/babel/babel"
"@babel/helper-environment-visitor@7.22.1","MIT","https://github.com/babel/babel"
"@babel/helper-function-name@7.21.0","MIT","https://github.com/babel/babel"
"@babel/helper-hoist-variables@7.18.6","MIT","https://github.com/babel/babel"
"@babel/helper-member-expression-to-functions@7.22.3","MIT","https://github.com/babel/babel"
"@babel/helper-module-imports@7.21.4","MIT","https://github.com/babel/babel"
"@babel/helper-module-transforms@7.22.1","MIT","https://github.com/babel/babel"
"@babel/helper-optimise-call-expression@7.18.6","MIT","https://github.com/babel/babel"
"@babel/helper-plugin-utils@7.21.5","MIT","https://github.com/babel/babel"
"@babel/helper-replace-supers@7.22.1","MIT","https://github.com/babel/babel"
"@babel/helper-simple-access@7.21.5","MIT","https://github.com/babel/babel"
"@babel/helper-skip-transparent-expression-wrappers@7.20.0","MIT","https://github.com/babel/babel"
"@babel/helper-split-export-declaration@7.18.6","MIT","https://github.com/babel/babel"
"@babel/helper-string-parser@7.21.5","MIT","https://github.com/babel/babel"
"@babel/helper-validator-identifier@7.19.1","MIT","https://github.com/babel/babel"
"@babel/helper-validator-option@7.21.0","MIT","https://github.com/babel/babel"
"@babel/helpers@7.22.3","MIT","https://github.com/babel/babel"
"@babel/highlight@7.18.6","MIT","https://github.com/babel/babel"
"@babel/parser@7.22.4","MIT","https://github.com/babel/babel"
"@babel/plugin-syntax-jsx@7.21.4","MIT","https://github.com/babel/babel"
"@babel/plugin-syntax-typescript@7.21.4","MIT","https://github.com/babel/babel"
"@babel/plugin-transform-typescript@7.22.3","MIT","https://github.com/babel/babel"
"@babel/standalone@7.22.4","MIT","https://github.com/babel/babel"
"@babel/template@7.21.9","MIT","https://github.com/babel/babel"
"@babel/traverse@7.22.4","MIT","https://github.com/babel/babel"
"@babel/types@7.22.4","MIT","https://github.com/babel/babel"
"@cloudflare/kv-asset-handler@0.3.0","MIT OR Apache-2.0","https://github.com/cloudflare/kv-asset-handler"
"@codemirror/autocomplete@6.7.1","MIT","https://github.com/codemirror/autocomplete"
"@codemirror/commands@6.2.4","MIT","https://github.com/codemirror/commands"
"@codemirror/lang-javascript@6.1.9","MIT","https://github.com/codemirror/lang-javascript"
"@codemirror/lang-python@6.1.2","MIT","https://github.com/codemirror/lang-python"
"@codemirror/language@6.7.0","MIT","https://github.com/codemirror/language"
"@codemirror/lint@6.2.2","MIT","https://github.com/codemirror/lint"
"@codemirror/search@6.5.0","MIT","https://github.com/codemirror/search"
"@codemirror/state@6.2.1","MIT","https://github.com/codemirror/state"
"@codemirror/theme-one-dark@6.1.2","MIT","https://github.com/codemirror/theme-one-dark"
"@codemirror/view@6.13.0","MIT","https://github.com/codemirror/view"
"@csstools/cascade-layer-name-parser@1.0.2","MIT","https://github.com/csstools/postcss-plugins"
"@csstools/css-parser-algorithms@2.1.1","MIT","https://github.com/csstools/postcss-plugins"
"@csstools/css-tokenizer@2.1.1","MIT","https://github.com/csstools/postcss-plugins"
"@csstools/selector-specificity@2.2.0","CC0-1.0","https://github.com/csstools/postcss-plugins"
"@esbuild/win32-x64@0.17.19","MIT","https://github.com/evanw/esbuild"
"@firebase/analytics-compat@0.2.6","Apache-2.0","https://github.com/firebase/firebase-js-sdk"
"@firebase/analytics-types@0.8.0","Apache-2.0","https://github.com/firebase/firebase-js-sdk"
"@firebase/analytics@0.10.0","Apache-2.0","https://github.com/firebase/firebase-js-sdk"
"@firebase/app-check-compat@0.3.7","Apache-2.0","https://github.com/firebase/firebase-js-sdk"
"@firebase/app-check-interop-types@0.3.0","Apache-2.0","https://github.com/firebase/firebase-js-sdk"
"@firebase/app-check-types@0.5.0","Apache-2.0","https://github.com/firebase/firebase-js-sdk"
"@firebase/app-check@0.8.0","Apache-2.0","https://github.com/firebase/firebase-js-sdk"
"@firebase/app-compat@0.2.11","Apache-2.0","https://github.com/firebase/firebase-js-sdk"
"@firebase/app-types@0.9.0","Apache-2.0","https://github.com/firebase/firebase-js-sdk"
"@firebase/app@0.9.11","Apache-2.0","https://github.com/firebase/firebase-js-sdk"
"@firebase/auth-compat@0.4.2","Apache-2.0","https://github.com/firebase/firebase-js-sdk"
"@firebase/auth-interop-types@0.2.1","Apache-2.0","https://github.com/firebase/firebase-js-sdk"
"@firebase/auth-types@0.12.0","Apache-2.0","https://github.com/firebase/firebase-js-sdk"
"@firebase/auth@0.23.2","Apache-2.0","https://github.com/firebase/firebase-js-sdk"
"@firebase/component@0.6.4","Apache-2.0","https://github.com/firebase/firebase-js-sdk"
"@firebase/database-compat@0.3.4","Apache-2.0","https://github.com/firebase/firebase-js-sdk"
"@firebase/database-types@0.10.4","Apache-2.0","https://github.com/firebase/firebase-js-sdk"
"@firebase/database@0.14.4","Apache-2.0","https://github.com/firebase/firebase-js-sdk"
"@firebase/firestore-compat@0.3.10","Apache-2.0","https://github.com/firebase/firebase-js-sdk"
"@firebase/firestore-types@2.5.1","Apache-2.0","https://github.com/firebase/firebase-js-sdk"
"@firebase/firestore@3.12.1","Apache-2.0","https://github.com/firebase/firebase-js-sdk"
"@firebase/functions-compat@0.3.5","Apache-2.0","https://github.com/firebase/firebase-js-sdk"
"@firebase/functions-types@0.6.0","Apache-2.0","https://github.com/firebase/firebase-js-sdk"
"@firebase/functions@0.10.0","Apache-2.0","https://github.com/firebase/firebase-js-sdk"
"@firebase/installations-compat@0.2.4","Apache-2.0","https://github.com/firebase/firebase-js-sdk"
"@firebase/installations-types@0.5.0","Apache-2.0","https://github.com/firebase/firebase-js-sdk"
"@firebase/installations@0.6.4","Apache-2.0","https://github.com/firebase/firebase-js-sdk"
"@firebase/logger@0.4.0","Apache-2.0","https://github.com/firebase/firebase-js-sdk"
"@firebase/messaging-compat@0.2.4","Apache-2.0","https://github.com/firebase/firebase-js-sdk"
"@firebase/messaging-interop-types@0.2.0","Apache-2.0","https://github.com/firebase/firebase-js-sdk"
"@firebase/messaging@0.12.4","Apache-2.0","https://github.com/firebase/firebase-js-sdk"
"@firebase/performance-compat@0.2.4","Apache-2.0","https://github.com/firebase/firebase-js-sdk"
"@firebase/performance-types@0.2.0","Apache-2.0","https://github.com/firebase/firebase-js-sdk"
"@firebase/performance@0.6.4","Apache-2.0","https://github.com/firebase/firebase-js-sdk"
"@firebase/remote-config-compat@0.2.4","Apache-2.0","https://github.com/firebase/firebase-js-sdk"
"@firebase/remote-config-types@0.3.0","Apache-2.0","https://github.com/firebase/firebase-js-sdk"
"@firebase/remote-config@0.4.4","Apache-2.0","https://github.com/firebase/firebase-js-sdk"
"@firebase/storage-compat@0.3.2","Apache-2.0","https://github.com/firebase/firebase-js-sdk"
"@firebase/storage-types@0.8.0","Apache-2.0","https://github.com/firebase/firebase-js-sdk"
"@firebase/storage@0.11.2","Apache-2.0","https://github.com/firebase/firebase-js-sdk"
"@firebase/util@1.9.3","Apache-2.0","https://github.com/firebase/firebase-js-sdk"
"@firebase/webchannel-wrapper@0.10.1","Apache-2.0","https://github.com/firebase/firebase-js-sdk"
"@grpc/grpc-js@1.7.3","Apache-2.0","https://github.com/grpc/grpc-node/tree/master/packages/grpc-js"
"@grpc/proto-loader@0.6.13","Apache-2.0","https://github.com/grpc/grpc-node"
"@grpc/proto-loader@0.7.7","Apache-2.0","https://github.com/grpc/grpc-node"
"@iconify/types@2.0.0","MIT","https://github.com/iconify/iconify"
"@iconify/vue@4.1.1","MIT","https://github.com/iconify/iconify"
"@ioredis/commands@1.2.0","MIT","https://github.com/ioredis/commands"
"@jridgewell/gen-mapping@0.3.3","MIT","https://github.com/jridgewell/gen-mapping"
"@jridgewell/resolve-uri@3.1.0","MIT","https://github.com/jridgewell/resolve-uri"
"@jridgewell/set-array@1.1.2","MIT","https://github.com/jridgewell/set-array"
"@jridgewell/source-map@0.3.3","MIT","https://github.com/jridgewell/source-map"
"@jridgewell/sourcemap-codec@1.4.14","MIT","https://github.com/jridgewell/sourcemap-codec"
"@jridgewell/sourcemap-codec@1.4.15","MIT","https://github.com/jridgewell/sourcemap-codec"
"@jridgewell/trace-mapping@0.3.18","MIT","https://github.com/jridgewell/trace-mapping"
"@koa/router@9.4.0","MIT","https://github.com/koajs/router"
"@lezer/common@1.0.3","MIT","https://github.com/lezer-parser/common"
"@lezer/highlight@1.1.6","MIT","https://github.com/lezer-parser/highlight"
"@lezer/javascript@1.4.3","MIT","https://github.com/lezer-parser/javascript"
"@lezer/lr@1.3.6","MIT","https://github.com/lezer-parser/lr"
"@lezer/python@1.1.7","MIT","https://github.com/lezer-parser/python"
"@mapbox/node-pre-gyp@1.0.10","BSD-3-Clause","https://github.com/mapbox/node-pre-gyp"
"@netlify/functions@1.6.0","MIT","https://github.com/netlify/functions"
"@nodelib/fs.scandir@2.1.5","MIT","https://github.com/nodelib/nodelib/tree/master/packages/fs/fs.scandir"
"@nodelib/fs.stat@2.0.5","MIT","https://github.com/nodelib/nodelib/tree/master/packages/fs/fs.stat"
"@nodelib/fs.walk@1.2.8","MIT","https://github.com/nodelib/nodelib/tree/master/packages/fs/fs.walk"
"@nuxt/devalue@2.0.2","MIT","https://github.com/nuxt/devalue"
"@nuxt/kit-edge@3.6.2-28133131.d4addcf7","MIT","https://github.com/nuxt/nuxt"
"@nuxt/kit@3.5.2","MIT","https://github.com/nuxt/nuxt"
"@nuxt/postcss8@1.1.3","MIT","https://github.com/nuxt/postcss8"
"@nuxt/schema-edge@3.6.2-28133131.d4addcf7","MIT","https://github.com/nuxt/nuxt"
"@nuxt/schema@3.5.2","MIT","https://github.com/nuxt/nuxt"
"@nuxt/telemetry@2.2.0","MIT","https://github.com/nuxt/telemetry"
"@nuxt/ui-templates@1.1.1","CC-BY-ND-4.0","https://github.com/nuxt/ui"
"@nuxt/vite-builder@3.5.2","MIT","https://github.com/nuxt/nuxt"
"@nuxtjs/sanity@1.7.2","MIT","https://github.com/nuxt-modules/sanity"
"@nuxtjs/tailwindcss@6.7.0","MIT","https://github.com/nuxt-modules/tailwindcss"
"@portabletext/types@2.0.2","MIT","https://github.com/portabletext/types"
"@protobufjs/aspromise@1.1.2","BSD-3-Clause","https://github.com/dcodeIO/protobuf.js"
"@protobufjs/base64@1.1.2","BSD-3-Clause","https://github.com/dcodeIO/protobuf.js"
"@protobufjs/codegen@2.0.4","BSD-3-Clause","https://github.com/dcodeIO/protobuf.js"
"@protobufjs/eventemitter@1.1.0","BSD-3-Clause","https://github.com/dcodeIO/protobuf.js"
"@protobufjs/fetch@1.1.0","BSD-3-Clause","https://github.com/dcodeIO/protobuf.js"
"@protobufjs/float@1.0.2","BSD-3-Clause","https://github.com/dcodeIO/protobuf.js"
"@protobufjs/inquire@1.1.0","BSD-3-Clause","https://github.com/dcodeIO/protobuf.js"
"@protobufjs/path@1.1.2","BSD-3-Clause","https://github.com/dcodeIO/protobuf.js"
"@protobufjs/pool@1.1.0","BSD-3-Clause","https://github.com/dcodeIO/protobuf.js"
"@protobufjs/utf8@1.1.0","BSD-3-Clause","https://github.com/dcodeIO/protobuf.js"
"@rollup/plugin-alias@5.0.0","MIT","https://github.com/rollup/plugins"
"@rollup/plugin-commonjs@24.1.0","MIT","https://github.com/rollup/plugins"
"@rollup/plugin-inject@5.0.3","MIT","https://github.com/rollup/plugins"
"@rollup/plugin-json@6.0.0","MIT","https://github.com/rollup/plugins"
"@rollup/plugin-node-resolve@15.1.0","MIT","https://github.com/rollup/plugins"
"@rollup/plugin-replace@5.0.2","MIT","https://github.com/rollup/plugins"
"@rollup/plugin-terser@0.4.3","MIT","https://github.com/rollup/plugins"
"@rollup/plugin-wasm@6.1.3","MIT","https://github.com/rollup/plugins"
"@rollup/pluginutils@4.2.1","MIT","https://github.com/rollup/plugins"
"@rollup/pluginutils@5.0.2","MIT","https://github.com/rollup/plugins"
"@tailvue/nuxt@1.0.0","MIT","https://github.com/fumeapp/tailvue"
"@trysound/sax@0.2.0","ISC","https://github.com/svg/sax"
"@types/eslint-scope@3.7.4","MIT","https://github.com/DefinitelyTyped/DefinitelyTyped"
"@types/eslint@8.40.2","MIT","https://github.com/DefinitelyTyped/DefinitelyTyped"
"@types/estree@1.0.1","MIT","https://github.com/DefinitelyTyped/DefinitelyTyped"
"@types/http-proxy@1.17.11","MIT","https://github.com/DefinitelyTyped/DefinitelyTyped"
"@types/json-schema@7.0.12","MIT","https://github.com/DefinitelyTyped/DefinitelyTyped"
"@types/linkify-it@3.0.2","MIT","https://github.com/DefinitelyTyped/DefinitelyTyped"
"@types/long@4.0.2","MIT","https://github.com/DefinitelyTyped/DefinitelyTyped"
"@types/markdown-it@12.2.3","MIT","https://github.com/DefinitelyTyped/DefinitelyTyped"
"@types/mdurl@1.0.2","MIT","https://github.com/DefinitelyTyped/DefinitelyTyped"
"@types/node@18.16.16","MIT","https://github.com/DefinitelyTyped/DefinitelyTyped"
"@types/node@20.2.5","MIT","https://github.com/DefinitelyTyped/DefinitelyTyped"
"@types/parse-json@4.0.0","MIT","https://github.com/DefinitelyTyped/DefinitelyTyped"
"@types/resolve@1.20.2","MIT","https://github.com/DefinitelyTyped/DefinitelyTyped"
"@unhead/dom@1.1.27","MIT","https://github.com/unjs/unhead"
"@unhead/schema@1.1.27","MIT","https://github.com/unjs/unhead"
"@unhead/shared@1.1.27","MIT","https://github.com/unjs/unhead"
"@unhead/ssr@1.1.27","MIT","https://github.com/unjs/unhead"
"@unhead/vue@1.1.27","MIT","https://github.com/unjs/unhead"
"@vercel/nft@0.22.6","MIT","https://github.com/vercel/nft"
"@vitejs/plugin-vue-jsx@3.0.1","MIT","https://github.com/vitejs/vite-plugin-vue"
"@vitejs/plugin-vue@4.2.3","MIT","https://github.com/vitejs/vite-plugin-vue"
"@vue-macros/common@1.3.3","MIT","https://github.com/sxzz/vue-macros"
"@vue/babel-helper-vue-transform-on@1.0.2","MIT",""
"@vue/babel-plugin-jsx@1.1.1","MIT","https://github.com/vuejs/jsx-next"
"@vue/compiler-core@3.3.4","MIT","https://github.com/vuejs/core"
"@vue/compiler-dom@3.3.4","MIT","https://github.com/vuejs/core"
"@vue/compiler-sfc@3.3.4","MIT","https://github.com/vuejs/core"
"@vue/compiler-ssr@3.3.4","MIT","https://github.com/vuejs/core"
"@vue/devtools-api@6.5.0","MIT","https://github.com/vuejs/vue-devtools"
"@vue/reactivity-transform@3.3.4","MIT","https://github.com/vuejs/core"
"@vue/reactivity@3.3.4","MIT","https://github.com/vuejs/core"
"@vue/runtime-core@3.3.4","MIT","https://github.com/vuejs/core"
"@vue/runtime-dom@3.3.4","MIT","https://github.com/vuejs/core"
"@vue/server-renderer@3.3.4","MIT","https://github.com/vuejs/core"
"@vue/shared@3.3.4","MIT","https://github.com/vuejs/core"
"@webassemblyjs/ast@1.11.6","MIT","https://github.com/xtuc/webassemblyjs"
"@webassemblyjs/floating-point-hex-parser@1.11.6","MIT","https://github.com/xtuc/webassemblyjs"
"@webassemblyjs/helper-api-error@1.11.6","MIT","https://github.com/xtuc/webassemblyjs"
"@webassemblyjs/helper-buffer@1.11.6","MIT","https://github.com/xtuc/webassemblyjs"
"@webassemblyjs/helper-numbers@1.11.6","MIT","https://github.com/xtuc/webassemblyjs"
"@webassemblyjs/helper-wasm-bytecode@1.11.6","MIT","https://github.com/xtuc/webassemblyjs"
"@webassemblyjs/helper-wasm-section@1.11.6","MIT","https://github.com/xtuc/webassemblyjs"
"@webassemblyjs/ieee754@1.11.6","MIT","https://github.com/xtuc/webassemblyjs"
"@webassemblyjs/leb128@1.11.6","Apache-2.0","https://github.com/xtuc/webassemblyjs"
"@webassemblyjs/utf8@1.11.6","MIT","https://github.com/xtuc/webassemblyjs"
"@webassemblyjs/wasm-edit@1.11.6","MIT","https://github.com/xtuc/webassemblyjs"
"@webassemblyjs/wasm-gen@1.11.6","MIT","https://github.com/xtuc/webassemblyjs"
"@webassemblyjs/wasm-opt@1.11.6","MIT","https://github.com/xtuc/webassemblyjs"
"@webassemblyjs/wasm-parser@1.11.6","MIT","https://github.com/xtuc/webassemblyjs"
"@webassemblyjs/wast-printer@1.11.6","MIT","https://github.com/xtuc/webassemblyjs"
"@xtuc/ieee754@1.2.0","BSD-3-Clause","https://github.com/feross/ieee754"
"@xtuc/long@4.2.2","Apache-2.0","https://github.com/dcodeIO/long.js"
"abbrev@1.1.1","ISC","https://github.com/isaacs/abbrev-js"
"accepts@1.3.8","MIT","https://github.com/jshttp/accepts"
"acorn-import-assertions@1.9.0","MIT","https://github.com/xtuc/acorn-import-assertions"
"acorn@8.8.2","MIT","https://github.com/acornjs/acorn"
"acorn@8.9.0","MIT","https://github.com/acornjs/acorn"
"agent-base@6.0.2","MIT","https://github.com/TooTallNate/node-agent-base"
"ajv-keywords@3.5.2","MIT","https://github.com/epoberezkin/ajv-keywords"
"ajv@6.12.6","MIT","https://github.com/ajv-validator/ajv"
"ansi-colors@4.1.3","MIT","https://github.com/doowb/ansi-colors"
"ansi-escapes@4.3.2","MIT","https://github.com/sindresorhus/ansi-escapes"
"ansi-regex@5.0.1","MIT","https://github.com/chalk/ansi-regex"
"ansi-styles@3.2.1","MIT","https://github.com/chalk/ansi-styles"
"ansi-styles@4.3.0","MIT","https://github.com/chalk/ansi-styles"
"any-promise@1.3.0","MIT","https://github.com/kevinbeaty/any-promise"
"anymatch@3.1.3","ISC","https://github.com/micromatch/anymatch"
"aproba@2.0.0","ISC","https://github.com/iarna/aproba"
"arch@2.2.0","MIT","https://github.com/feross/arch"
"archiver-utils@2.1.0","MIT","https://github.com/archiverjs/archiver-utils"
"archiver@5.3.1","MIT","https://github.com/archiverjs/node-archiver"
"are-we-there-yet@2.0.0","ISC","https://github.com/npm/are-we-there-yet"
"arg@5.0.2","MIT","https://github.com/vercel/arg"
"argparse@2.0.1","Python-2.0","https://github.com/nodeca/argparse"
"ast-walker-scope@0.4.1","MIT",""
"async-sema@3.1.1","MIT","https://github.com/vercel/async-sema"
"async@2.6.4","MIT","https://github.com/caolan/async"
"async@3.2.4","MIT","https://github.com/caolan/async"
"asynckit@0.4.0","MIT","https://github.com/alexindigo/asynckit"
"at-least-node@1.0.0","ISC","https://github.com/RyanZim/at-least-node"
"autoprefixer@10.4.14","MIT","https://github.com/postcss/autoprefixer"
"axios@1.4.0","MIT","https://github.com/axios/axios"
"balanced-match@1.0.2","MIT","https://github.com/juliangruber/balanced-match"
"base-64@1.0.0","MIT","https://github.com/mathiasbynens/base64"
"base64-js@1.5.1","MIT","https://github.com/beatgammit/base64-js"
"big.js@5.2.2","MIT","https://github.com/MikeMcl/big.js"
"binary-extensions@2.2.0","MIT","https://github.com/sindresorhus/binary-extensions"
"bindings@1.5.0","MIT","https://github.com/TooTallNate/node-bindings"
"bl@4.1.0","MIT","https://github.com/rvagg/bl"
"boolbase@1.0.0","ISC","https://github.com/fb55/boolbase"
"brace-expansion@1.1.11","MIT","https://github.com/juliangruber/brace-expansion"
"brace-expansion@2.0.1","MIT","https://github.com/juliangruber/brace-expansion"
"braces@3.0.2","MIT","https://github.com/micromatch/braces"
"browserslist@4.21.7","MIT","https://github.com/browserslist/browserslist"
"buffer-crc32@0.2.13","MIT","https://github.com/brianloveswords/buffer-crc32"
"buffer-from@1.1.2","MIT","https://github.com/LinusU/buffer-from"
"buffer@5.7.1","MIT","https://github.com/feross/buffer"
"builtin-modules@3.3.0","MIT","https://github.com/sindresorhus/builtin-modules"
"busboy@1.6.0","MIT","https://github.com/mscdex/busboy"
"c12@1.4.1","MIT","https://github.com/unjs/c12"
"c12@1.4.2","MIT","https://github.com/unjs/c12"
"cac@6.7.14","MIT","https://github.com/egoist/cac"
"cache-content-type@1.0.1","MIT","https://github.com/node-modules/cache-content-type"
"callsites@3.1.0","MIT","https://github.com/sindresorhus/callsites"
"camelcase-css@2.0.1","MIT","https://github.com/stevenvachon/camelcase-css"
"camelcase@6.3.0","MIT","https://github.com/sindresorhus/camelcase"
"caniuse-api@3.0.0","MIT","https://github.com/nyalab/caniuse-api"
"caniuse-lite@1.0.30001491","CC-BY-4.0","https://github.com/browserslist/caniuse-lite"
"chalk@2.4.2","MIT","https://github.com/chalk/chalk"
"chalk@4.1.2","MIT","https://github.com/chalk/chalk"
"chalk@5.2.0","MIT","https://github.com/chalk/chalk"
"chardet@0.7.0","MIT","https://github.com/runk/node-chardet"
"cheerio-select@2.1.0","BSD-2-Clause","https://github.com/cheeriojs/cheerio-select"
"cheerio@1.0.0-rc.12","MIT","https://github.com/cheeriojs/cheerio"
"chokidar@3.5.3","MIT","https://github.com/paulmillr/chokidar"
"chownr@2.0.0","ISC","https://github.com/isaacs/chownr"
"chrome-trace-event@1.0.3","MIT","https://github.com/samccone/chrome-trace-event"
"ci-info@3.8.0","MIT","https://github.com/watson/ci-info"
"citty@0.1.1","MIT","https://github.com/unjs/citty"
"clear-module@4.1.2","MIT","https://github.com/sindresorhus/clear-module"
"clear@0.1.0","MIT*","https://github.com/bahamas10/node-clear"
"cli-cursor@3.1.0","MIT","https://github.com/sindresorhus/cli-cursor"
"cli-spinners@2.9.0","MIT","https://github.com/sindresorhus/cli-spinners"
"cli-width@4.0.0","ISC","https://github.com/knownasilya/cli-width"
"clipboardy@3.0.0","MIT","https://github.com/sindresorhus/clipboardy"
"cliui@7.0.4","ISC","https://github.com/yargs/cliui"
"cliui@8.0.1","ISC","https://github.com/yargs/cliui"
"clone@1.0.4","MIT","https://github.com/pvorb/node-clone"
"cluster-key-slot@1.1.2","Apache-2.0","https://github.com/Salakar/cluster-key-slot"
"co@4.6.0","MIT","https://github.com/tj/co"
"codemirror@6.0.1","MIT","https://github.com/codemirror/basic-setup"
"color-convert@1.9.3","MIT","https://github.com/Qix-/color-convert"
"color-convert@2.0.1","MIT","https://github.com/Qix-/color-convert"
"color-name@1.1.3","MIT","https://github.com/dfcreative/color-name"
"color-name@1.1.4","MIT","https://github.com/colorjs/color-name"
"color-support@1.1.3","ISC","https://github.com/isaacs/color-support"
"colord@2.9.3","MIT","https://github.com/omgovich/colord"
"colorette@2.0.20","MIT","https://github.com/jorgebucaran/colorette"
"combined-stream@1.0.8","MIT","https://github.com/felixge/node-combined-stream"
"commander@2.20.3","MIT","https://github.com/tj/commander.js"
"commander@4.1.1","MIT","https://github.com/tj/commander.js"
"commander@6.2.1","MIT","https://github.com/tj/commander.js"
"commander@7.2.0","MIT","https://github.com/tj/commander.js"
"commander@8.3.0","MIT","https://github.com/tj/commander.js"
"commondir@1.0.1","MIT","https://github.com/substack/node-commondir"
"compress-commons@4.1.1","MIT","https://github.com/archiverjs/node-compress-commons"
"concat-map@0.0.1","MIT","https://github.com/substack/node-concat-map"
"consola@3.1.0","MIT","https://github.com/unjs/consola"
"consola@3.2.2","MIT","https://github.com/unjs/consola"
"console-control-strings@1.1.0","ISC","https://github.com/iarna/console-control-strings"
"content-disposition@0.5.4","MIT","https://github.com/jshttp/content-disposition"
"content-type@1.0.5","MIT","https://github.com/jshttp/content-type"
"convert-source-map@1.9.0","MIT","https://github.com/thlorenz/convert-source-map"
"cookie-es@1.0.0","MIT","https://github.com/unjs/cookie-es"
"cookies@0.8.0","MIT","https://github.com/pillarjs/cookies"
"core-util-is@1.0.3","MIT","https://github.com/isaacs/core-util-is"
"cosmiconfig@7.1.0","MIT","https://github.com/davidtheclark/cosmiconfig"
"crc-32@1.2.2","Apache-2.0","https://github.com/SheetJS/js-crc32"
"crc32-stream@4.0.2","MIT","https://github.com/archiverjs/node-crc32-stream"
"create-require@1.1.1","MIT","https://github.com/nuxt-contrib/create-require"
"crelt@1.0.6","MIT","https://github.com/marijnh/crelt"
"cross-spawn@7.0.3","MIT","https://github.com/moxystudio/node-cross-spawn"
"css-declaration-sorter@6.4.0","ISC","https://github.com/Siilwyn/css-declaration-sorter"
"css-loader@5.2.7","MIT","https://github.com/webpack-contrib/css-loader"
"css-select@5.1.0","BSD-2-Clause","https://github.com/fb55/css-select"
"css-selector-tokenizer@0.8.0","MIT","https://github.com/css-modules/css-selector-tokenizer"
"css-tree@2.2.1","MIT","https://github.com/csstree/csstree"
"css-tree@2.3.1","MIT","https://github.com/csstree/csstree"
"css-what@6.1.0","BSD-2-Clause","https://github.com/fb55/css-what"
"cssesc@3.0.0","MIT","https://github.com/mathiasbynens/cssesc"
"cssnano-preset-default@6.0.1","MIT","https://github.com/cssnano/cssnano"
"cssnano-utils@4.0.0","MIT","https://github.com/cssnano/cssnano"
"cssnano@6.0.1","MIT","https://github.com/cssnano/cssnano"
"csso@5.0.5","MIT","https://github.com/css/csso"
"csstype@3.1.2","MIT","https://github.com/frenic/csstype"
"cuint@0.2.2","MIT","https://github.com/pierrec/js-cuint"
"daisyui@3.0.3","MIT","https://github.com/saadeghi/daisyui"
"data-uri-to-buffer@4.0.1","MIT","https://github.com/TooTallNate/node-data-uri-to-buffer"
"debug@2.6.9","MIT","https://github.com/visionmedia/debug"
"debug@3.2.7","MIT","https://github.com/visionmedia/debug"
"debug@4.3.4","MIT","https://github.com/debug-js/debug"
"deep-equal@1.0.1","MIT","https://github.com/substack/node-deep-equal"
"deepmerge@4.3.1","MIT","https://github.com/TehShrike/deepmerge"
"defaults@1.0.4","MIT","https://github.com/sindresorhus/node-defaults"
"define-lazy-prop@2.0.0","MIT","https://github.com/sindresorhus/define-lazy-prop"
"defu@3.2.2","MIT","https://github.com/nuxt-contrib/defu"
"defu@6.1.2","MIT","https://github.com/unjs/defu"
"delayed-stream@1.0.0","MIT","https://github.com/felixge/node-delayed-stream"
"delegates@1.0.0","MIT","https://github.com/visionmedia/node-delegates"
"denque@2.1.0","Apache-2.0","https://github.com/invertase/denque"
"depd@1.1.2","MIT","https://github.com/dougwilson/nodejs-depd"
"depd@2.0.0","MIT","https://github.com/dougwilson/nodejs-depd"
"destr@1.2.2","MIT","https://github.com/unjs/destr"
"destr@2.0.0","MIT","https://github.com/unjs/destr"
"destroy@1.2.0","MIT","https://github.com/stream-utils/destroy"
"detect-libc@2.0.1","Apache-2.0","https://github.com/lovell/detect-libc"
"devalue@4.3.2","MIT","https://github.com/Rich-Harris/devalue"
"didyoumean@1.2.2","Apache-2.0","https://github.com/dcporter/didyoumean.js"
"dir-glob@3.0.1","MIT","https://github.com/kevva/dir-glob"
"dlv@1.1.3","MIT","https://github.com/developit/dlv"
"dom-serializer@2.0.0","MIT","https://github.com/cheeriojs/dom-serializer"
"domelementtype@2.3.0","BSD-2-Clause","https://github.com/fb55/domelementtype"
"domhandler@5.0.3","BSD-2-Clause","https://github.com/fb55/domhandler"
"domutils@3.1.0","BSD-2-Clause","https://github.com/fb55/domutils"
"dot-prop@7.2.0","MIT","https://github.com/sindresorhus/dot-prop"
"dotenv@16.1.1","BSD-2-Clause","https://github.com/motdotla/dotenv"
"dotenv@16.3.1","BSD-2-Clause","https://github.com/motdotla/dotenv"
"duplexer@0.1.2","MIT","https://github.com/Raynos/duplexer"
"ee-first@1.1.1","MIT","https://github.com/jonathanong/ee-first"
"electron-to-chromium@1.4.414","ISC","https://github.com/kilian/electron-to-chromium"
"emoji-regex@8.0.0","MIT","https://github.com/mathiasbynens/emoji-regex"
"emojis-list@3.0.0","MIT","https://github.com/kikobeats/emojis-list"
"encodeurl@1.0.2","MIT","https://github.com/pillarjs/encodeurl"
"end-of-stream@1.4.4","MIT","https://github.com/mafintosh/end-of-stream"
"enhanced-resolve@4.5.0","MIT","https://github.com/webpack/enhanced-resolve"
"enhanced-resolve@5.14.1","MIT","https://github.com/webpack/enhanced-resolve"
"enhanced-resolve@5.15.0","MIT","https://github.com/webpack/enhanced-resolve"
"entities@3.0.1","BSD-2-Clause","https://github.com/fb55/entities"
"entities@4.5.0","BSD-2-Clause","https://github.com/fb55/entities"
"errno@0.1.8","MIT","https://github.com/rvagg/node-errno"
"error-ex@1.3.2","MIT","https://github.com/qix-/node-error-ex"
"es-module-lexer@1.3.0","MIT","https://github.com/guybedford/es-module-lexer"
"esbuild@0.17.19","MIT","https://github.com/evanw/esbuild"
"escalade@3.1.1","MIT","https://github.com/lukeed/escalade"
"escape-html@1.0.3","MIT","https://github.com/component/escape-html"
"escape-string-regexp@1.0.5","MIT","https://github.com/sindresorhus/escape-string-regexp"
"escape-string-regexp@5.0.0","MIT","https://github.com/sindresorhus/escape-string-regexp"
"eslint-scope@5.1.1","BSD-2-Clause","https://github.com/eslint/eslint-scope"
"esrecurse@4.3.0","BSD-2-Clause","https://github.com/estools/esrecurse"
"estraverse@4.3.0","BSD-2-Clause","https://github.com/estools/estraverse"
"estraverse@5.3.0","BSD-2-Clause","https://github.com/estools/estraverse"
"estree-walker@2.0.2","MIT","https://github.com/Rich-Harris/estree-walker"
"estree-walker@3.0.3","MIT","https://github.com/Rich-Harris/estree-walker"
"etag@1.8.1","MIT","https://github.com/jshttp/etag"
"eventemitter3@4.0.7","MIT","https://github.com/primus/eventemitter3"
"events@3.3.0","MIT","https://github.com/Gozala/events"
"execa@5.1.1","MIT","https://github.com/sindresorhus/execa"
"execa@7.1.1","MIT","https://github.com/sindresorhus/execa"
"external-editor@3.1.0","MIT","https://github.com/mrkmg/node-external-editor"
"externality@1.0.0","MIT",""
"fast-deep-equal@3.1.3","MIT","https://github.com/epoberezkin/fast-deep-equal"
"fast-glob@3.2.12","MIT","https://github.com/mrmlnc/fast-glob"
"fast-json-stable-stringify@2.1.0","MIT","https://github.com/epoberezkin/fast-json-stable-stringify"
"fastparse@1.1.2","MIT","https://github.com/webpack/fastparse"
"fastq@1.15.0","ISC","https://github.com/mcollina/fastq"
"faye-websocket@0.11.4","Apache-2.0","https://github.com/faye/faye-websocket-node"
"fetch-blob@3.2.0","MIT","https://github.com/node-fetch/fetch-blob"
"figures@5.0.0","MIT","https://github.com/sindresorhus/figures"
"file-uri-to-path@1.0.0","MIT","https://github.com/TooTallNate/file-uri-to-path"
"fill-range@7.0.1","MIT","https://github.com/jonschlinkert/fill-range"
"firebase@9.22.1","Apache-2.0","https://github.com/firebase/firebase-js-sdk"
"flat@5.0.2","BSD-3-Clause","https://github.com/hughsk/flat"
"follow-redirects@1.15.2","MIT","https://github.com/follow-redirects/follow-redirects"
"form-data@4.0.0","MIT","https://github.com/form-data/form-data"
"formdata-polyfill@4.0.10","MIT","git+https://jimmywarting@github.com/jimmywarting/FormData"
"fraction.js@4.2.0","MIT","https://github.com/infusion/Fraction.js"
"fresh@0.5.2","MIT","https://github.com/jshttp/fresh"
"fs-constants@1.0.0","MIT","https://github.com/mafintosh/fs-constants"
"fs-extra@10.1.0","MIT","https://github.com/jprichardson/node-fs-extra"
"fs-extra@11.1.1","MIT","https://github.com/jprichardson/node-fs-extra"
"fs-extra@9.1.0","MIT","https://github.com/jprichardson/node-fs-extra"
"fs-minipass@2.1.0","ISC","https://github.com/npm/fs-minipass"
"fs.realpath@1.0.0","ISC","https://github.com/isaacs/fs.realpath"
"function-bind@1.1.1","MIT","https://github.com/Raynos/function-bind"
"gauge@3.0.2","ISC","https://github.com/iarna/gauge"
"gensync@1.0.0-beta.2","MIT","https://github.com/loganfsmyth/gensync"
"get-caller-file@2.0.5","ISC","https://github.com/stefanpenner/get-caller-file"
"get-port-please@3.0.1","MIT","https://github.com/unjs/get-port-please"
"get-stream@6.0.1","MIT","https://github.com/sindresorhus/get-stream"
"giget@1.1.2","MIT","https://github.com/unjs/giget"
"git-config-path@2.0.0","MIT","https://github.com/jonschlinkert/git-config-path"
"git-up@7.0.0","MIT","https://github.com/IonicaBizau/git-up"
"git-url-parse@13.1.0","MIT","https://github.com/IonicaBizau/git-url-parse"
"glob-parent@5.1.2","ISC","https://github.com/gulpjs/glob-parent"
"glob-parent@6.0.2","ISC","https://github.com/gulpjs/glob-parent"
"glob-to-regexp@0.4.1","BSD-2-Clause","https://github.com/fitzgen/glob-to-regexp"
"glob@7.1.6","ISC","https://github.com/isaacs/node-glob"
"glob@7.2.3","ISC","https://github.com/isaacs/node-glob"
"glob@8.1.0","ISC","https://github.com/isaacs/node-glob"
"globals@11.12.0","MIT","https://github.com/sindresorhus/globals"
"globby@13.1.4","MIT","https://github.com/sindresorhus/globby"
"globby@13.2.0","MIT","https://github.com/sindresorhus/globby"
"graceful-fs@4.2.11","ISC","https://github.com/isaacs/node-graceful-fs"
"gzip-size@7.0.0","MIT","https://github.com/sindresorhus/gzip-size"
"h3@1.6.6","MIT","https://github.com/unjs/h3"
"has-flag@3.0.0","MIT","https://github.com/sindresorhus/has-flag"
"has-flag@4.0.0","MIT","https://github.com/sindresorhus/has-flag"
"has-symbols@1.0.3","MIT","https://github.com/inspect-js/has-symbols"
"has-tostringtag@1.0.0","MIT","https://github.com/inspect-js/has-tostringtag"
"has-unicode@2.0.1","ISC","https://github.com/iarna/has-unicode"
"has@1.0.3","MIT","https://github.com/tarruda/has"
"hash-sum@2.0.0","MIT","https://github.com/bevacqua/hash-sum"
"hookable@5.5.3","MIT","https://github.com/unjs/hookable"
"html-tags@3.3.1","MIT","https://github.com/sindresorhus/html-tags"
"htmlparser2@8.0.2","MIT","https://github.com/fb55/htmlparser2"
"http-assert@1.5.0","MIT","https://github.com/jshttp/http-assert"
"http-errors@1.6.3","MIT","https://github.com/jshttp/http-errors"
"http-errors@1.8.1","MIT","https://github.com/jshttp/http-errors"
"http-errors@2.0.0","MIT","https://github.com/jshttp/http-errors"
"http-parser-js@0.5.8","MIT","https://github.com/creationix/http-parser-js"
"http-proxy@1.18.1","MIT","https://github.com/http-party/node-http-proxy"
"http-shutdown@1.2.2","MIT","https://github.com/thedillonb/http-shutdown"
"https-proxy-agent@5.0.1","MIT","https://github.com/TooTallNate/node-https-proxy-agent"
"human-signals@2.1.0","Apache-2.0","https://github.com/ehmicky/human-signals"
"human-signals@4.3.1","Apache-2.0","https://github.com/ehmicky/human-signals"
"iconv-lite@0.4.24","MIT","https://github.com/ashtuchkin/iconv-lite"
"icss-utils@5.1.0","ISC","https://github.com/css-modules/icss-utils"
"idb@7.0.1","ISC","https://github.com/jakearchibald/idb"
"idb@7.1.1","ISC","https://github.com/jakearchibald/idb"
"ieee754@1.2.1","BSD-3-Clause","https://github.com/feross/ieee754"
"ignore@5.2.4","MIT","https://github.com/kaelzhang/node-ignore"
"import-fresh@3.3.0","MIT","https://github.com/sindresorhus/import-fresh"
"inflight@1.0.6","ISC","https://github.com/npm/inflight"
"inherits@2.0.3","ISC","https://github.com/isaacs/inherits"
"inherits@2.0.4","ISC","https://github.com/isaacs/inherits"
"ini@1.3.8","ISC","https://github.com/isaacs/ini"
"inquirer@9.2.6","MIT","https://github.com/SBoudrias/Inquirer.js"
"ioredis@5.3.2","MIT","https://github.com/luin/ioredis"
"ip-regex@5.0.0","MIT","https://github.com/sindresorhus/ip-regex"
"iron-webcrypto@0.7.0","MIT","https://github.com/brc-dd/iron-webcrypto"
"is-arrayish@0.2.1","MIT","https://github.com/qix-/node-is-arrayish"
"is-binary-path@2.1.0","MIT","https://github.com/sindresorhus/is-binary-path"
"is-builtin-module@3.2.1","MIT","https://github.com/sindresorhus/is-builtin-module"
"is-core-module@2.12.1","MIT","https://github.com/inspect-js/is-core-module"
"is-docker@2.2.1","MIT","https://github.com/sindresorhus/is-docker"
"is-docker@3.0.0","MIT","https://github.com/sindresorhus/is-docker"
"is-extglob@2.1.1","MIT","https://github.com/jonschlinkert/is-extglob"
"is-fullwidth-code-point@3.0.0","MIT","https://github.com/sindresorhus/is-fullwidth-code-point"
"is-generator-function@1.0.10","MIT","https://github.com/inspect-js/is-generator-function"
"is-glob@4.0.3","MIT","https://github.com/micromatch/is-glob"
"is-interactive@1.0.0","MIT","https://github.com/sindresorhus/is-interactive"
"is-module@1.0.0","MIT","https://github.com/component/is-module"
"is-number@7.0.0","MIT","https://github.com/jonschlinkert/is-number"
"is-primitive@3.0.1","MIT","https://github.com/jonschlinkert/is-primitive"
"is-promise@4.0.0","MIT","https://github.com/then/is-promise"
"is-reference@1.2.1","MIT","https://github.com/Rich-Harris/is-reference"
"is-ssh@1.4.0","MIT","https://github.com/IonicaBizau/node-is-ssh"
"is-stream@2.0.1","MIT","https://github.com/sindresorhus/is-stream"
"is-stream@3.0.0","MIT","https://github.com/sindresorhus/is-stream"
"is-unicode-supported@0.1.0","MIT","https://github.com/sindresorhus/is-unicode-supported"
"is-unicode-supported@1.3.0","MIT","https://github.com/sindresorhus/is-unicode-supported"
"is-wsl@2.2.0","MIT","https://github.com/sindresorhus/is-wsl"
"isarray@1.0.0","MIT","https://github.com/juliangruber/isarray"
"isexe@2.0.0","ISC","https://github.com/isaacs/isexe"
"jest-worker@27.5.1","MIT","https://github.com/facebook/jest"
"jiti@1.18.2","MIT","https://github.com/unjs/jiti"
"js-tokens@4.0.0","MIT","https://github.com/lydell/js-tokens"
"js-yaml@4.1.0","MIT","https://github.com/nodeca/js-yaml"
"jsesc@2.5.2","MIT","https://github.com/mathiasbynens/jsesc"
"json-parse-even-better-errors@2.3.1","MIT","https://github.com/npm/json-parse-even-better-errors"
"json-schema-traverse@0.4.1","MIT","https://github.com/epoberezkin/json-schema-traverse"
"json5@2.2.3","MIT","https://github.com/json5/json5"
"jsonc-parser@3.2.0","MIT","https://github.com/microsoft/node-jsonc-parser"
"jsonfile@6.1.0","MIT","https://github.com/jprichardson/node-jsonfile"
"keygrip@1.1.0","MIT","https://github.com/crypto-utils/keygrip"
"kleur@3.0.3","MIT","https://github.com/lukeed/kleur"
"klona@2.0.6","MIT","https://github.com/lukeed/klona"
"knitwork@1.0.0","MIT","https://github.com/unjs/knitwork"
"koa-compose@4.1.0","MIT","https://github.com/koajs/compose"
"koa-convert@2.0.0","MIT","https://github.com/gyson/koa-convert"
"koa-send@5.0.1","MIT","https://github.com/koajs/send"
"koa-static@5.0.0","MIT","https://github.com/koajs/static"
"koa@2.14.2","MIT","https://github.com/koajs/koa"
"lazystream@1.0.1","MIT","https://github.com/jpommerening/node-lazystream"
"lilconfig@2.1.0","MIT","https://github.com/antonk52/lilconfig"
"lines-and-columns@1.2.4","MIT","https://github.com/eventualbuddha/lines-and-columns"
"linkify-it@4.0.1","MIT","https://github.com/markdown-it/linkify-it"
"listhen@1.0.4","MIT","https://github.com/unjs/listhen"
"loader-runner@4.3.0","MIT","https://github.com/webpack/loader-runner"
"loader-utils@2.0.4","MIT","https://github.com/webpack/loader-utils"
"local-pkg@0.4.3","MIT","https://github.com/antfu/local-pkg"
"lodash._reinterpolate@3.0.0","MIT","https://github.com/lodash/lodash"
"lodash.camelcase@4.3.0","MIT","https://github.com/lodash/lodash"
"lodash.debounce@4.0.8","MIT","https://github.com/lodash/lodash"
"lodash.defaults@4.2.0","MIT","https://github.com/lodash/lodash"
"lodash.difference@4.5.0","MIT","https://github.com/lodash/lodash"
"lodash.flatten@4.4.0","MIT","https://github.com/lodash/lodash"
"lodash.isarguments@3.1.0","MIT","https://github.com/lodash/lodash"
"lodash.isplainobject@4.0.6","MIT","https://github.com/lodash/lodash"
"lodash.memoize@4.1.2","MIT","https://github.com/lodash/lodash"
"lodash.pick@4.4.0","MIT","https://github.com/lodash/lodash"
"lodash.template@4.5.0","MIT","https://github.com/lodash/lodash"
"lodash.templatesettings@4.2.0","MIT","https://github.com/lodash/lodash"
"lodash.union@4.6.0","MIT","https://github.com/lodash/lodash"
"lodash.uniq@4.5.0","MIT","https://github.com/lodash/lodash"
"lodash@4.17.21","MIT","https://github.com/lodash/lodash"
"log-symbols@4.1.0","MIT","https://github.com/sindresorhus/log-symbols"
"long@4.0.0","Apache-2.0","https://github.com/dcodeIO/long.js"
"long@5.2.3","Apache-2.0","https://github.com/dcodeIO/long.js"
"lru-cache@5.1.1","ISC","https://github.com/isaacs/node-lru-cache"
"lru-cache@6.0.0","ISC","https://github.com/isaacs/node-lru-cache"
"lru-cache@9.1.1","ISC","https://github.com/isaacs/node-lru-cache"
"magic-string-ast@0.1.2","MIT","https://github.com/sxzz/magic-string-ast"
"magic-string@0.27.0","MIT","https://github.com/rich-harris/magic-string"
"magic-string@0.30.0","MIT","https://github.com/rich-harris/magic-string"
"make-dir@3.1.0","MIT","https://github.com/sindresorhus/make-dir"
"markdown-it-anchor@8.6.7","Unlicense","https://github.com/valeriangalliat/markdown-it-anchor"
"markdown-it-prism@2.3.0","MIT","https://github.com/jGleitz/markdown-it-prism"
"markdown-it@13.0.1","MIT","https://github.com/markdown-it/markdown-it"
"mdn-data@2.0.28","CC0-1.0","https://github.com/mdn/data"
"mdn-data@2.0.30","CC0-1.0","https://github.com/mdn/data"
"mdurl@1.0.1","MIT","https://github.com/markdown-it/mdurl"
"media-typer@0.3.0","MIT","https://github.com/jshttp/media-typer"
"memory-fs@0.5.0","MIT","https://github.com/webpack/memory-fs"
"merge-stream@2.0.0","MIT","https://github.com/grncdr/merge-stream"
"merge2@1.4.1","MIT","https://github.com/teambition/merge2"
"methods@1.1.2","MIT","https://github.com/jshttp/methods"
"micromatch@4.0.5","MIT","https://github.com/micromatch/micromatch"
"mime-db@1.52.0","MIT","https://github.com/jshttp/mime-db"
"mime-types@2.1.35","MIT","https://github.com/jshttp/mime-types"
"mime@1.6.0","MIT","https://github.com/broofa/node-mime"
"mime@2.5.2","MIT","https://github.com/broofa/mime"
"mime@3.0.0","MIT","https://github.com/broofa/mime"
"mimic-fn@2.1.0","MIT","https://github.com/sindresorhus/mimic-fn"
"mimic-fn@4.0.0","MIT","https://github.com/sindresorhus/mimic-fn"
"minimatch@3.0.8","ISC","https://github.com/isaacs/minimatch"
"minimatch@3.1.2","ISC","https://github.com/isaacs/minimatch"
"minimatch@5.1.6","ISC","https://github.com/isaacs/minimatch"
"minimist@1.2.8","MIT","https://github.com/minimistjs/minimist"
"minipass@3.3.6","ISC","https://github.com/isaacs/minipass"
"minipass@5.0.0","ISC","https://github.com/isaacs/minipass"
"minizlib@2.1.2","MIT","https://github.com/isaacs/minizlib"
"mkdirp@0.5.6","MIT","https://github.com/substack/node-mkdirp"
"mkdirp@1.0.4","MIT","https://github.com/isaacs/node-mkdirp"
"mlly@1.3.0","MIT","https://github.com/unjs/mlly"
"mlly@1.4.0","MIT","https://github.com/unjs/mlly"
"mri@1.2.0","MIT","https://github.com/lukeed/mri"
"ms@2.0.0","MIT","https://github.com/zeit/ms"
"ms@2.1.2","MIT","https://github.com/zeit/ms"
"ms@2.1.3","MIT","https://github.com/vercel/ms"
"mute-stream@1.0.0","ISC","https://github.com/npm/mute-stream"
"mz@2.7.0","MIT","https://github.com/normalize/mz"
"nanoid@3.3.6","MIT","https://github.com/ai/nanoid"
"nanoid@4.0.2","MIT","https://github.com/ai/nanoid"
"negotiator@0.6.3","MIT","https://github.com/jshttp/negotiator"
"neo-async@2.6.2","MIT","https://github.com/suguru03/neo-async"
"nitropack@2.4.1","MIT","https://github.com/unjs/nitro"
"node-domexception@1.0.0","MIT","https://github.com/jimmywarting/node-domexception"
"node-fetch-native@1.1.1","MIT","https://github.com/unjs/node-fetch-native"
"node-fetch@2.6.11","MIT","https://github.com/bitinn/node-fetch"
"node-fetch@2.6.7","MIT","https://github.com/bitinn/node-fetch"
"node-fetch@3.3.1","MIT","https://github.com/node-fetch/node-fetch"
"node-forge@1.3.1","(BSD-3-Clause OR GPL-2.0)","https://github.com/digitalbazaar/forge"
"node-gyp-build@4.6.0","MIT","https://github.com/prebuild/node-gyp-build"
"node-releases@2.0.12","MIT","https://github.com/chicoxyzzy/node-releases"
"nopt@5.0.0","ISC","https://github.com/npm/nopt"
"normalize-path@3.0.0","MIT","https://github.com/jonschlinkert/normalize-path"
"normalize-range@0.1.2","MIT","https://github.com/jamestalmage/normalize-range"
"npm-run-path@4.0.1","MIT","https://github.com/sindresorhus/npm-run-path"
"npm-run-path@5.1.0","MIT","https://github.com/sindresorhus/npm-run-path"
"npmlog@5.0.1","ISC","https://github.com/npm/npmlog"
"nth-check@2.1.1","BSD-2-Clause","https://github.com/fb55/nth-check"
"nuxi@3.5.2","MIT","https://github.com/nuxt/nuxt"
"nuxt-icon@0.4.1","MIT","https://github.com/nuxt-modules/icon"
"nuxt@3.5.2","MIT","https://github.com/nuxt/nuxt"
"nypm@0.2.0","MIT","https://github.com/unjs/nypm"
"object-assign@4.1.1","MIT","https://github.com/sindresorhus/object-assign"
"object-hash@3.0.0","MIT","https://github.com/puleos/object-hash"
"ofetch@1.0.1","MIT","https://github.com/unjs/ofetch"
"ohash@1.1.2","MIT","https://github.com/unjs/ohash"
"on-finished@2.4.1","MIT","https://github.com/jshttp/on-finished"
"once@1.4.0","ISC","https://github.com/isaacs/once"
"onetime@5.1.2","MIT","https://github.com/sindresorhus/onetime"
"onetime@6.0.0","MIT","https://github.com/sindresorhus/onetime"
"only@0.0.2","MIT*","https://github.com/visionmedia/node-only"
"open@7.4.2","MIT","https://github.com/sindresorhus/open"
"open@8.4.2","MIT","https://github.com/sindresorhus/open"
"openapi-typescript@6.2.6","MIT","https://github.com/drwpow/openapi-typescript"
"ora@5.4.1","MIT","https://github.com/sindresorhus/ora"
"os-tmpdir@1.0.2","MIT","https://github.com/sindresorhus/os-tmpdir"
"parent-module@1.0.1","MIT","https://github.com/sindresorhus/parent-module"
"parent-module@2.0.0","MIT","https://github.com/sindresorhus/parent-module"
"parse-git-config@3.0.0","MIT","https://github.com/jonschlinkert/parse-git-config"
"parse-json@5.2.0","MIT","https://github.com/sindresorhus/parse-json"
"parse-path@7.0.0","MIT","https://github.com/IonicaBizau/parse-path"
"parse-url@8.1.0","MIT","https://github.com/IonicaBizau/parse-url"
"parse5-htmlparser2-tree-adapter@7.0.0","MIT","https://github.com/inikulin/parse5"
"parse5@7.1.2","MIT","https://github.com/inikulin/parse5"
"parseurl@1.3.3","MIT","https://github.com/pillarjs/parseurl"
"path-is-absolute@1.0.1","MIT","https://github.com/sindresorhus/path-is-absolute"
"path-key@3.1.1","MIT","https://github.com/sindresorhus/path-key"
"path-key@4.0.0","MIT","https://github.com/sindresorhus/path-key"
"path-parse@1.0.7","MIT","https://github.com/jbgutierrez/path-parse"
"path-to-regexp@6.2.1","MIT","https://github.com/pillarjs/path-to-regexp"
"path-type@4.0.0","MIT","https://github.com/sindresorhus/path-type"
"pathe@0.2.0","MIT","https://github.com/unjs/pathe"
"pathe@1.1.0","MIT","https://github.com/unjs/pathe"
"pathe@1.1.1","MIT","https://github.com/unjs/pathe"
"perfect-debounce@0.1.3","MIT","https://github.com/unjs/perfect-debounce"
"perfect-debounce@1.0.0","MIT","https://github.com/unjs/perfect-debounce"
"picocolors@1.0.0","ISC","https://github.com/alexeyraspopov/picocolors"
"picomatch@2.3.1","MIT","https://github.com/micromatch/picomatch"
"pify@2.3.0","MIT","https://github.com/sindresorhus/pify"
"pirates@4.0.5","MIT","https://github.com/danez/pirates"
"pkg-types@1.0.3","MIT","https://github.com/unjs/pkg-types"
"portfinder@1.0.32","MIT","https://github.com/http-party/node-portfinder"
"postcss-calc@9.0.1","MIT","https://github.com/postcss/postcss-calc"
"postcss-colormin@6.0.0","MIT","https://github.com/cssnano/cssnano"
"postcss-convert-values@6.0.0","MIT","https://github.com/cssnano/cssnano"
"postcss-custom-properties@13.1.5","MIT","https://github.com/csstools/postcss-plugins"
"postcss-discard-comments@6.0.0","MIT","https://github.com/cssnano/cssnano"
"postcss-discard-duplicates@6.0.0","MIT","https://github.com/cssnano/cssnano"
"postcss-discard-empty@6.0.0","MIT","https://github.com/cssnano/cssnano"
"postcss-discard-overridden@6.0.0","MIT","https://github.com/cssnano/cssnano"
"postcss-import-resolver@2.0.0","MIT","https://github.com/clarkdo/postcss-import-resolver"
"postcss-import@13.0.0","MIT","https://github.com/postcss/postcss-import"
"postcss-import@15.1.0","MIT","https://github.com/postcss/postcss-import"
"postcss-js@4.0.1","MIT","https://github.com/postcss/postcss-js"
"postcss-load-config@4.0.1","MIT","https://github.com/postcss/postcss-load-config"
"postcss-loader@4.3.0","MIT","https://github.com/webpack-contrib/postcss-loader"
"postcss-merge-longhand@6.0.0","MIT","https://github.com/cssnano/cssnano"
"postcss-merge-rules@6.0.1","MIT","https://github.com/cssnano/cssnano"
"postcss-minify-font-values@6.0.0","MIT","https://github.com/cssnano/cssnano"
"postcss-minify-gradients@6.0.0","MIT","https://github.com/cssnano/cssnano"
"postcss-minify-params@6.0.0","MIT","https://github.com/cssnano/cssnano"
"postcss-minify-selectors@6.0.0","MIT","https://github.com/cssnano/cssnano"
"postcss-modules-extract-imports@3.0.0","ISC","https://github.com/css-modules/postcss-modules-extract-imports"
"postcss-modules-local-by-default@4.0.3","MIT","https://github.com/css-modules/postcss-modules-local-by-default"
"postcss-modules-scope@3.0.0","ISC","https://github.com/css-modules/postcss-modules-scope"
"postcss-modules-values@4.0.0","ISC","https://github.com/css-modules/postcss-modules-values"
"postcss-nested@6.0.1","MIT","https://github.com/postcss/postcss-nested"
"postcss-nesting@11.2.2","CC0-1.0","https://github.com/csstools/postcss-plugins"
"postcss-normalize-charset@6.0.0","MIT","https://github.com/cssnano/cssnano"
"postcss-normalize-display-values@6.0.0","MIT","https://github.com/cssnano/cssnano"
"postcss-normalize-positions@6.0.0","MIT","https://github.com/cssnano/cssnano"
"postcss-normalize-repeat-style@6.0.0","MIT","https://github.com/cssnano/cssnano"
"postcss-normalize-string@6.0.0","MIT","https://github.com/cssnano/cssnano"
"postcss-normalize-timing-functions@6.0.0","MIT","https://github.com/cssnano/cssnano"
"postcss-normalize-unicode@6.0.0","MIT","https://github.com/cssnano/cssnano"
"postcss-normalize-url@6.0.0","MIT","https://github.com/cssnano/cssnano"
"postcss-normalize-whitespace@6.0.0","MIT","https://github.com/cssnano/cssnano"
"postcss-ordered-values@6.0.0","MIT","https://github.com/cssnano/cssnano"
"postcss-reduce-initial@6.0.0","MIT","https://github.com/cssnano/cssnano"
"postcss-reduce-transforms@6.0.0","MIT","https://github.com/cssnano/cssnano"
"postcss-selector-parser@6.0.13","MIT","https://github.com/postcss/postcss-selector-parser"
"postcss-svgo@6.0.0","MIT","https://github.com/cssnano/cssnano"
"postcss-unique-selectors@6.0.0","MIT","https://github.com/cssnano/cssnano"
"postcss-url@10.1.3","MIT","https://github.com/postcss/postcss-url"
"postcss-value-parser@4.2.0","MIT","https://github.com/TrySound/postcss-value-parser"
"postcss@8.4.24","MIT","https://github.com/postcss/postcss"
"pretty-bytes@6.1.0","MIT","https://github.com/sindresorhus/pretty-bytes"
"prismjs@1.29.0","MIT","https://github.com/PrismJS/prism"
"process-nextick-args@2.0.1","MIT","https://github.com/calvinmetcalf/process-nextick-args"
"prompts@2.4.2","MIT","https://github.com/terkelg/prompts"
"protobufjs@6.11.3","BSD-3-Clause","https://github.com/protobufjs/protobuf.js"
"protobufjs@7.2.3","BSD-3-Clause","https://github.com/protobufjs/protobuf.js"
"protocols@2.0.1","MIT","https://github.com/IonicaBizau/protocols"
"proxy-from-env@1.1.0","MIT","https://github.com/Rob--W/proxy-from-env"
"prr@1.0.1","MIT","https://github.com/rvagg/prr"
"punycode@2.3.0","MIT","https://github.com/mathiasbynens/punycode.js"
"queue-microtask@1.2.3","MIT","https://github.com/feross/queue-microtask"
"radix3@1.0.1","MIT","https://github.com/unjs/radix3"
"randombytes@2.1.0","MIT","https://github.com/crypto-browserify/randombytes"
"range-parser@1.2.1","MIT","https://github.com/jshttp/range-parser"
"rc9@2.1.0","MIT","https://github.com/unjs/rc9"
"rc9@2.1.1","MIT","https://github.com/unjs/rc9"
"read-cache@1.0.0","MIT","https://github.com/TrySound/read-cache"
"readable-stream@2.3.8","MIT","https://github.com/nodejs/readable-stream"
"readable-stream@3.6.2","MIT","https://github.com/nodejs/readable-stream"
"readdir-glob@1.1.3","Apache-2.0","https://github.com/Yqnn/node-readdir-glob"
"readdirp@3.6.0","MIT","https://github.com/paulmillr/readdirp"
"redis-errors@1.2.0","MIT","https://github.com/NodeRedis/redis-errors"
"redis-parser@3.0.0","MIT","https://github.com/NodeRedis/node-redis-parser"
"replace-in-file@6.3.5","MIT","https://github.com/adamreisnz/replace-in-file"
"require-directory@2.1.1","MIT","https://github.com/troygoode/node-require-directory"
"requires-port@1.0.0","MIT","https://github.com/unshiftio/requires-port"
"resolve-from@4.0.0","MIT","https://github.com/sindresorhus/resolve-from"
"resolve-from@5.0.0","MIT","https://github.com/sindresorhus/resolve-from"
"resolve-path@1.4.0","MIT","https://github.com/pillarjs/resolve-path"
"resolve@1.22.2","MIT","https://github.com/browserify/resolve"
"restore-cursor@3.1.0","MIT","https://github.com/sindresorhus/restore-cursor"
"reusify@1.0.4","MIT","https://github.com/mcollina/reusify"
"rimraf@3.0.2","ISC","https://github.com/isaacs/rimraf"
"rollup-plugin-visualizer@5.9.0","MIT","https://github.com/btd/rollup-plugin-visualizer"
"rollup@3.23.0","MIT","https://github.com/rollup/rollup"
"run-async@3.0.0","MIT","https://github.com/SBoudrias/run-async"
"run-parallel@1.2.0","MIT","https://github.com/feross/run-parallel"
"rxjs@7.8.1","Apache-2.0","https://github.com/reactivex/rxjs"
"safe-buffer@5.1.2","MIT","https://github.com/feross/safe-buffer"
"safe-buffer@5.2.1","MIT","https://github.com/feross/safe-buffer"
"safer-buffer@2.1.2","MIT","https://github.com/ChALkeR/safer-buffer"
"schema-utils@3.3.0","MIT","https://github.com/webpack/schema-utils"
"scule@1.0.0","MIT","https://github.com/unjs/scule"
"semver@6.3.0","ISC","https://github.com/npm/node-semver"
"semver@7.5.1","ISC","https://github.com/npm/node-semver"
"semver@7.5.3","ISC","https://github.com/npm/node-semver"
"send@0.18.0","MIT","https://github.com/pillarjs/send"
"serialize-javascript@6.0.1","BSD-3-Clause","https://github.com/yahoo/serialize-javascript"
"serve-placeholder@2.0.1","MIT","https://github.com/unjs/serve-placeholder"
"serve-static@1.15.0","MIT","https://github.com/expressjs/serve-static"
"set-blocking@2.0.0","ISC","https://github.com/yargs/set-blocking"
"setprototypeof@1.1.0","ISC","https://github.com/wesleytodd/setprototypeof"
"setprototypeof@1.2.0","ISC","https://github.com/wesleytodd/setprototypeof"
"shebang-command@2.0.0","MIT","https://github.com/kevva/shebang-command"
"shebang-regex@3.0.0","MIT","https://github.com/sindresorhus/shebang-regex"
"signal-exit@3.0.7","ISC","https://github.com/tapjs/signal-exit"
"sisteransi@1.0.5","MIT","https://github.com/terkelg/sisteransi"
"slash@4.0.0","MIT","https://github.com/sindresorhus/slash"
"smob@1.4.0","MIT","https://github.com/Tada5hi/smob"
"source-map-js@1.0.2","BSD-3-Clause","https://github.com/7rulnik/source-map-js"
"source-map-support@0.5.21","MIT","https://github.com/evanw/node-source-map-support"
"source-map@0.6.1","BSD-3-Clause","https://github.com/mozilla/source-map"
"source-map@0.7.4","BSD-3-Clause","https://github.com/mozilla/source-map"
"standard-as-callback@2.1.0","MIT","https://github.com/luin/asCallback"
"statuses@1.5.0","MIT","https://github.com/jshttp/statuses"
"statuses@2.0.1","MIT","https://github.com/jshttp/statuses"
"std-env@3.3.3","MIT","https://github.com/unjs/std-env"
"streamsearch@1.1.0","MIT","https://github.com/mscdex/streamsearch"
"string-width@4.2.3","MIT","https://github.com/sindresorhus/string-width"
"string_decoder@1.1.1","MIT","https://github.com/nodejs/string_decoder"
"string_decoder@1.3.0","MIT","https://github.com/nodejs/string_decoder"
"strip-ansi@6.0.1","MIT","https://github.com/chalk/strip-ansi"
"strip-final-newline@2.0.0","MIT","https://github.com/sindresorhus/strip-final-newline"
"strip-final-newline@3.0.0","MIT","https://github.com/sindresorhus/strip-final-newline"
"strip-literal@1.0.1","MIT","https://github.com/antfu/strip-literal"
"style-mod@4.0.3","MIT",""
"stylehacks@6.0.0","MIT","https://github.com/cssnano/cssnano"
"sucrase@3.32.0","MIT","https://github.com/alangpierce/sucrase"
"supports-color@5.5.0","MIT","https://github.com/chalk/supports-color"
"supports-color@7.2.0","MIT","https://github.com/chalk/supports-color"
"supports-color@8.1.1","MIT","https://github.com/chalk/supports-color"
"supports-color@9.3.1","MIT","https://github.com/chalk/supports-color"
"supports-preserve-symlinks-flag@1.0.0","MIT","https://github.com/inspect-js/node-supports-preserve-symlinks-flag"
"svg-tags@1.0.0","MIT","https://github.com/element-io/svg-tags"
"svgo@3.0.2","MIT","https://github.com/svg/svgo"
"tailvue@0.1.68","MIT","https://github.com/fumeapp/tailvue"
"tailwind-config-viewer@1.7.2","MIT","https://github.com/rogden/tailwind-config-viewer"
"tailwindcss@3.3.2","MIT","https://github.com/tailwindlabs/tailwindcss"
"tapable@1.1.3","MIT","https://github.com/webpack/tapable"
"tapable@2.2.1","MIT","https://github.com/webpack/tapable"
"tar-stream@2.2.0","MIT","https://github.com/mafintosh/tar-stream"
"tar@6.1.15","ISC","https://github.com/isaacs/node-tar"
"terser-webpack-plugin@5.3.9","MIT","https://github.com/webpack-contrib/terser-webpack-plugin"
"terser@5.17.6","BSD-2-Clause","https://github.com/terser/terser"
"thenify-all@1.6.0","MIT","https://github.com/thenables/thenify-all"
"thenify@3.3.1","MIT","https://github.com/thenables/thenify"
"through@2.3.8","MIT","https://github.com/dominictarr/through"
"tiny-invariant@1.3.1","MIT","https://github.com/alexreardon/tiny-invariant"
"tmp@0.0.33","MIT","https://github.com/raszi/node-tmp"
"to-fast-properties@2.0.0","MIT","https://github.com/sindresorhus/to-fast-properties"
"to-regex-range@5.0.1","MIT","https://github.com/micromatch/to-regex-range"
"toidentifier@1.0.1","MIT","https://github.com/component/toidentifier"
"tr46@0.0.3","MIT","https://github.com/Sebmaster/tr46.js"
"ts-interface-checker@0.1.13","Apache-2.0","https://github.com/gristlabs/ts-interface-checker"
"tslib@2.5.2","0BSD","https://github.com/Microsoft/tslib"
"tsscmp@1.0.6","MIT","https://github.com/suryagh/tsscmp"
"type-fest@0.21.3","(MIT OR CC0-1.0)","https://github.com/sindresorhus/type-fest"
"type-fest@2.19.0","(MIT OR CC0-1.0)","https://github.com/sindresorhus/type-fest"
"type-is@1.6.18","MIT","https://github.com/jshttp/type-is"
"uc.micro@1.0.6","MIT","https://github.com/markdown-it/uc.micro"
"ufo@1.1.2","MIT","https://github.com/unjs/ufo"
"ultrahtml@1.2.0","MIT","https://github.com/natemoo-re/ultrahtml"
"uncrypto@0.1.2","MIT","https://github.com/unjs/uncrypto"
"unctx@2.3.1","MIT","https://github.com/unjs/unctx"
"undici@5.22.1","MIT","https://github.com/nodejs/undici"
"unenv@1.5.1","MIT","https://github.com/unjs/unenv"
"unhead@1.1.27","MIT","https://github.com/unjs/unhead"
"unimport@3.0.11","MIT","https://github.com/unjs/unimport"
"unimport@3.0.7","MIT","https://github.com/unjs/unimport"
"universalify@2.0.0","MIT","https://github.com/RyanZim/universalify"
"unplugin-vue-router@0.6.4","MIT","https://github.com/posva/unplugin-vue-router"
"unplugin@1.3.1","MIT","https://github.com/unjs/unplugin"
"unstorage@1.6.1","MIT","https://github.com/unjs/unstorage"
"untyped@1.3.2","MIT","https://github.com/unjs/untyped"
"update-browserslist-db@1.0.11","MIT","https://github.com/browserslist/update-db"
"uri-js@4.4.1","BSD-2-Clause","https://github.com/garycourt/uri-js"
"util-deprecate@1.0.2","MIT","https://github.com/TooTallNate/util-deprecate"
"vary@1.1.2","MIT","https://github.com/jshttp/vary"
"vite-node@0.31.2","MIT","https://github.com/vitest-dev/vitest"
"vite-plugin-checker@0.6.0","MIT","https://github.com/fi3ework/vite-plugin-checker"
"vite@4.3.9","MIT","https://github.com/vitejs/vite"
"vscode-jsonrpc@6.0.0","MIT","https://github.com/Microsoft/vscode-languageserver-node"
"vscode-languageclient@7.0.0","MIT","https://github.com/Microsoft/vscode-languageserver-node"
"vscode-languageserver-protocol@3.16.0","MIT","https://github.com/Microsoft/vscode-languageserver-node"
"vscode-languageserver-textdocument@1.0.8","MIT","https://github.com/Microsoft/vscode-languageserver-node"
"vscode-languageserver-types@3.16.0","MIT","https://github.com/Microsoft/vscode-languageserver-node"
"vscode-languageserver@7.0.0","MIT","https://github.com/Microsoft/vscode-languageserver-node"
"vscode-uri@3.0.7","MIT","https://github.com/microsoft/vscode-uri"
"vue-bundle-renderer@1.0.3","MIT","https://github.com/nuxt-contrib/vue-bundle-renderer"
"vue-codemirror@6.1.1","MIT","https://github.com/surmon-china/vue-codemirror"
"vue-devtools-stub@0.1.0","MIT","https://github.com/nuxt-contrib/vue-devtools-stub"
"vue-router@4.2.2","MIT","https://github.com/vuejs/router"
"vue-toastification@2.0.0-rc.5","MIT","https://github.com/Maronato/vue-toastification"
"vue@3.3.4","MIT","https://github.com/vuejs/core"
"w3c-keyname@2.2.7","MIT","https://github.com/marijnh/w3c-keyname"
"watchpack@2.4.0","MIT","https://github.com/webpack/watchpack"
"wcwidth@1.0.1","MIT","https://github.com/timoxley/wcwidth"
"web-streams-polyfill@3.2.1","MIT","https://github.com/MattiasBuelens/web-streams-polyfill"
"webidl-conversions@3.0.1","BSD-2-Clause","https://github.com/jsdom/webidl-conversions"
"webpack-sources@3.2.3","MIT","https://github.com/webpack/webpack-sources"
"webpack-virtual-modules@0.5.0","MIT","https://github.com/sysgears/webpack-virtual-modules"
"webpack@5.88.1","MIT","https://github.com/webpack/webpack"
"websocket-driver@0.7.4","Apache-2.0","https://github.com/faye/websocket-driver-node"
"websocket-extensions@0.1.4","Apache-2.0","https://github.com/faye/websocket-extensions-node"
"whatwg-url@5.0.0","MIT","https://github.com/jsdom/whatwg-url"
"which@2.0.2","ISC","https://github.com/isaacs/node-which"
"wide-align@1.1.5","ISC","https://github.com/iarna/wide-align"
"wrap-ansi@6.2.0","MIT","https://github.com/chalk/wrap-ansi"
"wrap-ansi@7.0.0","MIT","https://github.com/chalk/wrap-ansi"
"wrappy@1.0.2","ISC","https://github.com/npm/wrappy"
"xxhashjs@0.2.2","MIT","https://github.com/pierrec/js-xxhash"
"y18n@5.0.8","ISC","https://github.com/yargs/y18n"
"yallist@3.1.1","ISC","https://github.com/isaacs/yallist"
"yallist@4.0.0","ISC","https://github.com/isaacs/yallist"
"yaml@1.10.2","ISC","https://github.com/eemeli/yaml"
"yaml@2.3.1","ISC","https://github.com/eemeli/yaml"
"yargs-parser@20.2.9","ISC","https://github.com/yargs/yargs-parser"
"yargs-parser@21.1.1","ISC","https://github.com/yargs/yargs-parser"
"yargs@16.2.0","MIT","https://github.com/yargs/yargs"
"yargs@17.7.2","MIT","https://github.com/yargs/yargs"
"ylru@1.3.2","MIT","https://github.com/node-modules/ylru"
"zhead@2.0.4","MIT","https://github.com/harlan-zw/zhead"
"zip-stream@4.1.0","MIT","https://github.com/archiverjs/node-zip-stream"